FileName,Model Name,Test Id,Is_Valid,T0.0 (h),T0.25 (h),T0.5 (h),T0.75 (h),T1 (h),T1.25 (h),T1.5 (h),T1.75 (h),T2 (h),T2.25 (h),T2.5 (h),T2.75 (h),T3 (h),T3.25 (h),T3.5 (h),T3.75 (h),T4 (h),T4.25 (h),T4.5 (h),T4.75 (h),T5 (h),T5.25 (h),T5.5 (h),T5.75 (h),T6 (h),T6.25 (h),T6.5 (h),T6.75 (h),T7 (h),T7.25 (h),T7.5 (h),T7.75 (h),T8 (h),T8.25 (h),T8.5 (h),T8.75 (h),T9 (h),T9.25 (h),T9.5 (h),T9.75 (h),T10 (h),T10.25 (h),T10.5 (h),T10.75 (h),T11 (h),T11.25 (h),T11.5 (h),T11.75 (h),T12 (h),T12.25 (h),T12.5 (h),T12.75 (h),T13 (h),T13.25 (h),T13.5 (h),T13.75 (h),T14 (h),T14.25 (h),T14.5 (h),T14.75 (h)
growth.xlsx,LAB,10.2N 5 c KCl 25 mM (A01),TRUE,0.2166,0.2249,0.2299,0.2443,0.2529,0.2673,0.2783,0.2951,0.3117,0.3351,0.3593,0.3849,0.4121,0.442,0.4716,0.5021,0.5338,0.5654,0.5978,0.6294,0.661,0.6937,0.7251,0.7553,0.7861,0.817,0.8472,0.8795,0.91,0.9385,0.9678,0.9973,1.0262,1.054,1.0793,1.1058,1.1305,1.1529,1.1731,1.1905,1.2083,1.222,1.2325,1.2416,1.2476,1.2524,1.2571,1.26,1.2622,1.2637,1.2643,1.2659,1.2666,1.2673,1.2676,1.2674,1.2678,1.2676,1.2674,1.267
growth.xlsx,LAB,10.2N 5 d KCl 25 mM (A02),TRUE,0.262,0.2531,0.2604,0.2639,0.2815,0.295,0.3113,0.3285,0.3508,0.3733,0.4005,0.4277,0.4564,0.4894,0.5213,0.5533,0.5876,0.6198,0.6515,0.6846,0.7162,0.7477,0.7802,0.8119,0.8443,0.8759,0.9063,0.9377,0.9696,0.9989,1.0272,1.059,1.0834,1.1101,1.1365,1.1615,1.1866,1.1994,1.2223,1.2302,1.2419,1.2609,1.259,1.2687,1.2725,1.2756,1.2808,1.2751,1.2774,1.2851,1.277,1.2874,1.281,1.2878,1.2869,1.2864,1.2875,1.2859,1.2802,1.2804
growth.xlsx,LAB,10.1N 16 c KCl 25 mM (A03),TRUE,0.2658,0.2556,0.2569,0.2615,0.2833,0.2978,0.3162,0.3328,0.3545,0.3818,0.4084,0.4378,0.4675,0.4991,0.5314,0.5638,0.5976,0.6307,0.6639,0.6954,0.7286,0.7605,0.7924,0.8234,0.8545,0.8868,0.9185,0.9477,0.9769,1.0061,1.0339,1.0638,1.0902,1.1155,1.1415,1.1529,1.1713,1.2043,1.2206,1.2221,1.2272,1.2413,1.2422,1.251,1.2656,1.2565,1.2512,1.2524,1.2675,1.2705,1.2657,1.2723,1.2722,1.2698,1.2649,1.2618,1.2623,1.2621,1.2581,1.2582
growth.xlsx,LAB,10.1N 16 d KCl 25 mM (A04),TRUE,0.2849,0.3352,0.2924,0.3317,0.3648,0.3786,0.3852,0.3837,0.3967,0.4101,0.428,0.4595,0.4845,0.5147,0.5464,0.5806,0.6171,0.6754,0.7119,0.7492,0.7343,0.8236,0.7952,0.8264,0.8572,0.8886,0.9195,0.9515,0.979,1.0076,1.0344,1.0632,1.0911,1.1162,1.1459,1.1641,1.1835,1.2065,1.2141,1.2248,1.2337,1.24,1.2457,1.249,1.2523,1.2546,1.2567,1.2577,1.259,1.26,1.2605,1.2605,1.2613,1.2619,1.2617,1.2614,1.2614,1.2614,1.261,1.2604
growth.xlsx,LAB,10.1N 21 c KCl 25 mM (A05),TRUE,0.253,0.2725,0.2577,0.2666,0.2814,0.2954,0.3112,0.3297,0.3542,0.3804,0.4028,0.4304,0.4599,0.4893,0.5216,0.5542,0.5872,0.6192,0.6524,0.6833,0.7151,0.7456,0.7761,0.8073,0.8361,0.8656,0.8946,0.9254,0.9522,0.9784,1.0082,1.0308,1.0567,1.0911,1.1168,1.1411,1.1603,1.1774,1.1922,1.2085,1.2042,1.2292,1.2232,1.2276,1.2484,1.2392,1.2435,1.2472,1.2445,1.2599,1.2523,1.2609,1.261,1.2583,1.2585,1.2566,1.256,1.2544,1.2536,1.2528
growth.xlsx,LAB,10.1N 21 d KCl 25 mM (A06),TRUE,0.2603,0.2631,0.2617,0.2696,0.279,0.2938,0.3097,0.3308,0.3546,0.38,0.4077,0.4341,0.4665,0.4952,0.5296,0.5624,0.5972,0.6304,0.6639,0.6964,0.7295,0.7615,0.7928,0.8225,0.8521,0.8828,0.9136,0.947,0.9794,1.013,1.0422,1.0808,1.1058,1.1342,1.158,1.1798,1.198,1.2061,1.2315,1.2419,1.2503,1.2467,1.2542,1.2587,1.2651,1.274,1.279,1.2804,1.2797,1.2758,1.2725,1.2818,1.2769,1.2809,1.2811,1.276,1.2819,1.2819,1.2819,1.282
growth.xlsx,LAB,E1-1 a KCl 25 mM (A07),TRUE,0.2751,0.2747,0.275,0.2838,0.2985,0.3114,0.3293,0.3475,0.3683,0.3957,0.4161,0.4423,0.4704,0.5006,0.5289,0.5591,0.5892,0.6176,0.6474,0.6755,0.7059,0.7334,0.7613,0.7908,0.8182,0.8465,0.8757,0.9054,0.9371,0.9647,0.9966,1.0228,1.0418,1.0738,1.0979,1.1163,1.1396,1.1569,1.1773,1.2001,1.2063,1.2251,1.2371,1.2372,1.2523,1.2503,1.261,1.2637,1.2656,1.2665,1.2633,1.2591,1.2596,1.2595,1.2598,1.2606,1.2603,1.2596,1.2589,1.2591
growth.xlsx,LAB,E1-1 a KCl 25 mM (A08),TRUE,0.272,0.2881,0.2708,0.2836,0.2936,0.308,0.3225,0.3436,0.3652,0.3911,0.4114,0.4374,0.4641,0.4931,0.5223,0.552,0.5811,0.6105,0.6383,0.6684,0.6974,0.7244,0.7537,0.7822,0.8109,0.841,0.871,0.8999,0.9299,0.9575,0.9862,1.0097,1.0362,1.0605,1.0848,1.107,1.1335,1.1495,1.1661,1.1834,1.2043,1.2186,1.2233,1.2377,1.2386,1.2433,1.249,1.2571,1.2563,1.2593,1.2552,1.2615,1.2654,1.2622,1.2618,1.2624,1.2626,1.2625,1.2616,1.2623
growth.xlsx,LAB,E1-1 b KCl 25 mM (A09),TRUE,0.3001,0.3112,0.2919,0.3014,0.3177,0.3363,0.3514,0.3724,0.3927,0.4189,0.4438,0.4723,0.5011,0.5296,0.559,0.5886,0.6179,0.6481,0.6764,0.7064,0.7359,0.7639,0.7941,0.8232,0.8531,0.8849,0.9167,0.9484,0.9775,1.0112,1.0397,1.0717,1.0953,1.1212,1.1496,1.1676,1.1934,1.2051,1.2223,1.2376,1.2503,1.2624,1.2705,1.2778,1.295,1.2902,1.2824,1.2968,1.3047,1.3019,1.288,1.3,1.2992,1.2941,1.2899,1.2875,1.2915,1.3032,1.2909,1.3043
growth.xlsx,LAB,E1-1 b KCl 25 mM (A10),TRUE,0.2874,0.3061,0.2816,0.2985,0.3057,0.324,0.3444,0.3654,0.386,0.408,0.4359,0.4627,0.4909,0.5184,0.5483,0.58,0.6081,0.6399,0.6685,0.6974,0.7256,0.7546,0.7819,0.8118,0.841,0.8695,0.9012,0.9342,0.9692,1.006,1.0419,1.0734,1.094,1.118,1.1482,1.1716,1.1959,1.2176,1.2323,1.2385,1.2546,1.2747,1.2844,1.2936,1.3008,1.3072,1.3051,1.3099,1.3187,1.3211,1.3084,1.3231,1.3219,1.3177,1.3171,1.3169,1.3177,1.3174,1.3159,1.3154
growth.xlsx,LAB,E1-2 a KCl 25 mM (A11),TRUE,0.2737,0.2928,0.2732,0.2989,0.3093,0.327,0.3453,0.3641,0.3829,0.413,0.4403,0.4688,0.4973,0.5294,0.5599,0.5919,0.6249,0.6546,0.6841,0.7137,0.7454,0.7748,0.805,0.8357,0.8687,0.9025,0.9382,0.9708,1.0063,1.0403,1.0741,1.1067,1.1398,1.1706,1.2056,1.2263,1.2455,1.2481,1.2714,1.2895,1.2886,1.3131,1.3076,1.3266,1.3323,1.3247,1.3371,1.3366,1.3329,1.3418,1.3312,1.3373,1.337,1.3361,1.3344,1.3324,1.3323,1.3285,1.3295,1.3462
growth.xlsx,LAB,E1-2 a KCl 25 mM (A12),TRUE,0.2815,0.2995,0.2902,0.298,0.3141,0.3273,0.3455,0.3656,0.3874,0.417,0.4402,0.4707,0.5002,0.5316,0.5631,0.5944,0.624,0.6549,0.6859,0.7158,0.7456,0.7754,0.8037,0.8337,0.8618,0.8899,0.9201,0.9486,0.9771,1.0053,1.032,1.059,1.0862,1.1116,1.1394,1.1595,1.1835,1.1987,1.2167,1.23,1.2414,1.2517,1.2598,1.2665,1.2704,1.273,1.2753,1.2774,1.2788,1.2792,1.2798,1.28,1.2807,1.2814,1.2807,1.2803,1.2811,1.2808,1.28,1.2802
growth.xlsx,LAB,E1-2 b KCl 25 mM (B01),TRUE,0.3247,0.319,0.3164,0.3332,0.3532,0.3757,0.3994,0.4214,0.4491,0.4779,0.5086,0.5407,0.5721,0.6037,0.6379,0.6688,0.7001,0.7311,0.7626,0.7961,0.8256,0.8555,0.8851,0.9154,0.9446,0.9732,1.001,1.0302,1.0559,1.0817,1.1081,1.1339,1.1571,1.179,1.1974,1.2142,1.2288,1.2408,1.2524,1.2598,1.2654,1.2694,1.2732,1.2764,1.2777,1.2788,1.2801,1.2798,1.2799,1.2798,1.2796,1.2793,1.2787,1.2786,1.2781,1.2778,1.277,1.277,1.2764,1.2763
growth.xlsx,LAB,E1-2 b KCl 25 mM (B02),TRUE,0.3211,0.2917,0.3024,0.3211,0.3416,0.3628,0.3819,0.409,0.4364,0.4649,0.4954,0.5256,0.5564,0.5891,0.6243,0.6561,0.6896,0.7211,0.7537,0.7859,0.8179,0.8503,0.8814,0.9142,0.9464,0.9783,1.005,1.0332,1.0609,1.0885,1.1151,1.1412,1.1651,1.1876,1.2069,1.2228,1.2385,1.2513,1.2593,1.2681,1.2751,1.2802,1.2834,1.2861,1.2876,1.289,1.2895,1.2897,1.2901,1.2898,1.2901,1.2895,1.2894,1.2896,1.2886,1.288,1.2881,1.2874,1.2869,1.2863
growth.xlsx,LAB,E1-3 a KCl 25 mM (B03),TRUE,0.372,0.3294,0.3332,0.3684,0.388,0.4161,0.4342,0.4691,0.4974,0.5268,0.5603,0.5933,0.6265,0.6583,0.6909,0.7229,0.7559,0.7882,0.8228,0.8534,0.8851,0.9187,0.9521,0.9862,1.0196,1.0564,1.0835,1.1119,1.1388,1.1623,1.1855,1.2071,1.2246,1.2367,1.2514,1.2655,1.2742,1.2788,1.2812,1.2914,1.2932,1.2854,1.2882,1.2943,1.2899,1.2943,1.2963,1.2933,1.2964,1.283,1.2823,1.2955,1.2907,1.2919,1.2897,1.2888,1.2874,1.2801,1.289,1.2808
growth.xlsx,LAB,E1-3 a KCl 25 mM (B04),TRUE,0.3769,0.3432,0.3465,0.3584,0.3853,0.4221,0.4469,0.4686,0.4978,0.5304,0.5614,0.5926,0.6283,0.6594,0.6909,0.7254,0.7575,0.7886,0.8198,0.8496,0.8807,0.9116,0.944,0.9748,1.006,1.0354,1.0664,1.101,1.1309,1.1583,1.1809,1.2013,1.2175,1.2386,1.2519,1.2641,1.2681,1.2828,1.2889,1.2893,1.296,1.2927,1.3001,1.2982,1.2925,1.2959,1.2944,1.2989,1.2986,1.2974,1.2961,1.2905,1.2926,1.2886,1.2883,1.2908,1.2869,1.2914,1.2898,1.285
growth.xlsx,LAB,E1-3 b KCl 25 mM (B05),TRUE,0.3842,0.3651,0.3326,0.3607,0.3828,0.4077,0.427,0.4679,0.4923,0.5207,0.555,0.5893,0.6217,0.654,0.6846,0.7194,0.7513,0.7833,0.815,0.846,0.8775,0.9077,0.9384,0.9679,0.9936,1.0229,1.0463,1.0753,1.0976,1.123,1.1466,1.1668,1.1873,1.203,1.2179,1.2295,1.2396,1.2473,1.2525,1.2571,1.2607,1.2625,1.2636,1.2652,1.2662,1.2668,1.2668,1.267,1.267,1.2672,1.2668,1.267,1.2666,1.2664,1.2663,1.2656,1.2659,1.2655,1.2655,1.2658
growth.xlsx,LAB,E1-3 b KCl 25 mM (B06),TRUE,0.4005,0.3928,0.3545,0.3735,0.4055,0.431,0.4537,0.4824,0.5218,0.55,0.5798,0.6143,0.6464,0.6802,0.7128,0.7454,0.7757,0.8074,0.8374,0.8684,0.8991,0.9316,0.9632,0.9937,1.022,1.0511,1.0798,1.1078,1.1356,1.162,1.1816,1.2006,1.2169,1.2328,1.2441,1.2537,1.2589,1.2656,1.2697,1.2746,1.2765,1.2724,1.2821,1.2751,1.2823,1.2821,1.2817,1.2758,1.2752,1.2749,1.2757,1.2733,1.2691,1.2771,1.2776,1.2767,1.2768,1.276,1.2765,1.2761
growth.xlsx,LAB,E2-1 a KCl 25 mM (B07),TRUE,0.3417,0.3444,0.3162,0.3406,0.3682,0.3938,0.4143,0.4393,0.468,0.4968,0.5292,0.5618,0.5918,0.6259,0.6594,0.693,0.7237,0.7546,0.7861,0.8164,0.8473,0.8806,0.912,0.9447,0.9771,1.0086,1.0386,1.0692,1.0916,1.1181,1.1423,1.1655,1.185,1.2034,1.2198,1.2311,1.2432,1.2528,1.2609,1.2662,1.2711,1.274,1.277,1.2787,1.2803,1.2814,1.2822,1.2858,1.2827,1.2858,1.2857,1.2857,1.2858,1.2859,1.2832,1.2844,1.2847,1.2823,1.284,1.2819
growth.xlsx,LAB,E2-1 a KCl 25 mM (B08),TRUE,0.3654,0.3624,0.3211,0.3528,0.371,0.4006,0.4229,0.4499,0.4827,0.5127,0.5479,0.5767,0.6094,0.6433,0.6765,0.7083,0.743,0.7752,0.8064,0.8383,0.8731,0.905,0.9389,0.9759,1.0099,1.0414,1.0715,1.0965,1.1283,1.1545,1.1799,1.1989,1.2187,1.2376,1.2532,1.2683,1.2791,1.2875,1.2995,1.3058,1.301,1.3108,1.3126,1.3103,1.3164,1.3067,1.3073,1.3107,1.313,1.3166,1.3144,1.3108,1.3134,1.3106,1.314,1.3127,1.3118,1.3117,1.311,1.311
growth.xlsx,LAB,E2-1 b KCl 25 mM (B09),TRUE,0.3432,0.3496,0.3056,0.3283,0.354,0.3762,0.3942,0.427,0.4525,0.4829,0.513,0.5445,0.5745,0.6106,0.6449,0.6806,0.7109,0.7431,0.7771,0.8073,0.84,0.8741,0.9061,0.9409,0.9752,1.0199,1.0616,1.1041,1.145,1.1812,1.2145,1.2429,1.2745,1.3014,1.3187,1.3336,1.3508,1.3625,1.3719,1.3779,1.3795,1.3903,1.3911,1.4049,1.401,1.4065,1.4077,1.4013,1.3987,1.404,1.4065,1.4,1.3974,1.3994,1.3973,1.3976,1.3963,1.397,1.3982,1.3972
growth.xlsx,LAB,E2-1 b KCl 25 mM (B10),TRUE,0.3355,0.3426,0.3123,0.3335,0.3603,0.3791,0.4079,0.4314,0.4612,0.4854,0.5166,0.5503,0.583,0.6169,0.6496,0.6836,0.7152,0.7485,0.7803,0.8146,0.8483,0.8801,0.9148,0.9492,0.9818,1.0126,1.0468,1.0766,1.1069,1.136,1.163,1.1886,1.216,1.2309,1.2514,1.2663,1.2807,1.2905,1.2998,1.3111,1.3108,1.3145,1.3215,1.3209,1.3253,1.3267,1.3277,1.3281,1.3293,1.3242,1.3287,1.324,1.3256,1.3215,1.3189,1.3178,1.3163,1.3157,1.3255,1.3264
growth.xlsx,LAB,E2-3 a KCl 25 mM (B11),TRUE,0.3641,0.356,0.3252,0.3345,0.3622,0.3793,0.4086,0.429,0.46,0.4859,0.5179,0.5476,0.5816,0.6114,0.6446,0.6757,0.7069,0.7394,0.7699,0.7995,0.8317,0.8622,0.8943,0.9273,0.9614,0.9928,1.025,1.0595,1.0939,1.1242,1.1517,1.1838,1.2051,1.2257,1.2485,1.2575,1.2723,1.2926,1.3041,1.307,1.3167,1.3204,1.3236,1.3249,1.3269,1.327,1.3275,1.3273,1.3272,1.3267,1.3267,1.3266,1.3256,1.3259,1.3253,1.3242,1.3242,1.3235,1.323,1.3227
growth.xlsx,LAB,E2-3 a KCl 25 mM (B12),TRUE,0.3548,0.3578,0.3419,0.3595,0.378,0.4033,0.4273,0.4507,0.4812,0.5093,0.5399,0.5728,0.6039,0.6357,0.6675,0.7003,0.7307,0.7625,0.793,0.8252,0.8579,0.8895,0.9247,0.9605,1,1.0378,1.076,1.112,1.142,1.1771,1.2073,1.2416,1.2734,1.2935,1.3094,1.3265,1.342,1.3531,1.3661,1.3713,1.3752,1.3774,1.3785,1.3797,1.3808,1.3803,1.3782,1.3714,1.378,1.3802,1.3798,1.3716,1.3784,1.3776,1.3686,1.3775,1.3781,1.3777,1.3774,1.377
growth.xlsx,LAB,E2-3 b KCl 25 mM (C01),TRUE,0.3524,0.3426,0.3392,0.3556,0.3721,0.3998,0.4197,0.4416,0.468,0.4934,0.528,0.558,0.5902,0.6205,0.6499,0.6818,0.7133,0.7437,0.7738,0.8037,0.8335,0.8627,0.89,0.918,0.9444,0.9715,0.9995,1.0265,1.0536,1.0791,1.1045,1.1284,1.1511,1.1708,1.1881,1.2048,1.2199,1.2316,1.2416,1.2507,1.2565,1.2605,1.2637,1.2661,1.2673,1.2677,1.2687,1.2691,1.269,1.2691,1.2686,1.268,1.2678,1.2677,1.2671,1.2666,1.2665,1.2663,1.2658,1.2655
growth.xlsx,LAB,E2-3 b KCl 25 mM (C02),TRUE,0.3557,0.3258,0.3178,0.3406,0.3662,0.3804,0.4039,0.4362,0.4641,0.4898,0.518,0.5473,0.5806,0.6123,0.642,0.676,0.7062,0.7368,0.7672,0.7952,0.824,0.8525,0.8804,0.9088,0.9356,0.9634,0.9944,1.0218,1.0489,1.0772,1.1031,1.1259,1.149,1.1602,1.1789,1.1951,1.2142,1.2226,1.2322,1.2404,1.2428,1.2538,1.2606,1.2528,1.2544,1.2578,1.2568,1.2567,1.2645,1.2578,1.2645,1.2645,1.2639,1.2659,1.2568,1.2533,1.2642,1.264,1.263,1.2627
growth.xlsx,LAB,E3-1 a KCl 25 mM (C03),TRUE,0.3474,0.3236,0.3118,0.3336,0.3575,0.3845,0.4071,0.4352,0.4698,0.4969,0.5266,0.5667,0.5974,0.6274,0.6622,0.6954,0.7297,0.7627,0.7967,0.8292,0.8656,0.902,0.9412,0.9846,1.0234,1.0577,1.0881,1.117,1.1447,1.1718,1.1972,1.2211,1.2407,1.2551,1.2703,1.2815,1.2904,1.2931,1.3042,1.3072,1.3044,1.313,1.3055,1.309,1.3124,1.3133,1.3088,1.3107,1.3114,1.3038,1.3115,1.3065,1.3045,1.307,1.3132,1.3057,1.3148,1.3007,1.3008,1.3005
growth.xlsx,LAB,E3-1 a KCl 25 mM (C04),TRUE,0.3677,0.3466,0.3172,0.3439,0.3603,0.3949,0.422,0.4526,0.474,0.5106,0.54,0.5729,0.6044,0.6398,0.6739,0.7065,0.7417,0.7738,0.8076,0.8384,0.8719,0.9053,0.9396,0.971,1.0015,1.0314,1.0635,1.0934,1.1183,1.1492,1.1709,1.1915,1.211,1.2243,1.237,1.2498,1.26,1.2668,1.2738,1.278,1.2818,1.283,1.2839,1.2845,1.2819,1.2836,1.2785,1.2833,1.2731,1.279,1.282,1.2736,1.2751,1.281,1.2719,1.2734,1.2795,1.275,1.2785,1.2784
growth.xlsx,LAB,E3-1 b KCl 25 mM (C05),TRUE,0.3794,0.3712,0.3323,0.3544,0.3746,0.3947,0.425,0.4512,0.4889,0.5187,0.5496,0.5868,0.621,0.6557,0.6904,0.7273,0.7638,0.7984,0.8291,0.862,0.8943,0.9249,0.956,0.9857,1.0179,1.0501,1.0767,1.1049,1.1321,1.1566,1.1795,1.2019,1.2184,1.2349,1.2512,1.2636,1.2716,1.277,1.2817,1.2857,1.288,1.2905,1.2914,1.292,1.293,1.2928,1.2922,1.2915,1.2916,1.2904,1.2905,1.2902,1.2901,1.2902,1.2894,1.289,1.2892,1.2884,1.2881,1.2883
growth.xlsx,LAB,E3-1 b KCl 25 mM (C06),TRUE,0.3539,0.3636,0.3315,0.3337,0.3492,0.3799,0.3972,0.4279,0.4588,0.4868,0.5171,0.5494,0.5802,0.613,0.6484,0.6826,0.7129,0.7452,0.7746,0.805,0.8338,0.8628,0.8914,0.922,0.95,0.9776,1.0038,1.0287,1.0568,1.0808,1.105,1.1301,1.1445,1.1629,1.1768,1.1964,1.2181,1.212,1.2327,1.2384,1.2409,1.2375,1.2333,1.25,1.2422,1.2536,1.2536,1.2535,1.2445,1.241,1.254,1.2393,1.2534,1.2538,1.2517,1.2511,1.2511,1.2519,1.2382,1.2432
growth.xlsx,LAB,E3-2 a KCl 25 mM (C07),TRUE,0.3706,0.3799,0.326,0.3454,0.3753,0.3981,0.4305,0.4574,0.4874,0.5189,0.5528,0.5822,0.6133,0.6461,0.6812,0.7124,0.7462,0.7778,0.8107,0.8409,0.8716,0.9024,0.9357,0.9649,0.9951,1.023,1.0502,1.0775,1.1044,1.1324,1.1594,1.1831,1.2077,1.2285,1.2478,1.2729,1.2823,1.2898,1.2965,1.2867,1.2901,1.292,1.3107,1.3115,1.3123,1.3119,1.3123,1.3132,1.313,1.3134,1.3131,1.3131,1.3131,1.3127,1.3122,1.3121,1.3117,1.2986,1.3109,1.3107
growth.xlsx,LAB,E3-2 a KCl 25 mM (C08),TRUE,0.3427,0.3548,0.3172,0.3271,0.3487,0.3728,0.3921,0.4152,0.4429,0.4745,0.506,0.541,0.576,0.6064,0.6415,0.6784,0.7127,0.7448,0.7797,0.81,0.8411,0.8717,0.902,0.9353,0.9671,0.9936,1.0203,1.0478,1.073,1.0978,1.1211,1.1447,1.1693,1.1916,1.2091,1.2221,1.2326,1.2417,1.2462,1.2524,1.2568,1.2602,1.2622,1.2639,1.2645,1.2648,1.2649,1.265,1.2651,1.2643,1.2643,1.2641,1.2637,1.263,1.2632,1.2624,1.2624,1.2622,1.2615,1.2609
growth.xlsx,LAB,E3-2 b KCl 25 mM (C09),TRUE,0.3781,0.3719,0.3484,0.3703,0.3829,0.413,0.4417,0.4705,0.5018,0.5332,0.5643,0.5986,0.6302,0.6626,0.6956,0.7285,0.7589,0.7905,0.8221,0.8562,0.8885,0.924,0.9611,1.0009,1.0333,1.0638,1.0994,1.1358,1.1648,1.1997,1.2218,1.2471,1.2675,1.2867,1.2983,1.3096,1.3183,1.3263,1.3292,1.3354,1.3361,1.3392,1.3436,1.3406,1.3396,1.3397,1.3426,1.3398,1.3439,1.3394,1.3425,1.3425,1.3415,1.3402,1.3413,1.34,1.3379,1.3394,1.338,1.3349
growth.xlsx,LAB,E3-2 b KCl 25 mM (C10),TRUE,0.3875,0.3992,0.3565,0.3887,0.4074,0.4341,0.4607,0.4902,0.5192,0.5507,0.5825,0.6137,0.6516,0.683,0.7159,0.7482,0.78,0.812,0.8431,0.8778,0.9117,0.9453,0.9811,1.0123,1.0428,1.073,1.103,1.1288,1.1543,1.1799,1.2053,1.2245,1.2433,1.2587,1.2686,1.28,1.2903,1.2969,1.3029,1.3072,1.3099,1.3115,1.313,1.3138,1.3142,1.3148,1.3146,1.3144,1.3142,1.3146,1.3136,1.3131,1.313,1.3121,1.3115,1.311,1.3105,1.3102,1.3096,1.3093
growth.xlsx,LAB,E4-1 a KCl 25 mM (C11),TRUE,0.4162,0.3995,0.3816,0.4155,0.4392,0.4763,0.499,0.5317,0.5626,0.6002,0.6354,0.6699,0.7063,0.7426,0.7757,0.811,0.8452,0.8816,0.9195,0.9554,0.9914,1.0274,1.067,1.1052,1.1477,1.1886,1.2283,1.2652,1.302,1.3313,1.3584,1.3802,1.3962,1.4118,1.4227,1.429,1.4362,1.4398,1.4425,1.4441,1.4444,1.4439,1.4436,1.4439,1.4417,1.4411,1.4387,1.4379,1.4368,1.4358,1.4351,1.4345,1.4326,1.4319,1.4314,1.4305,1.4305,1.4295,1.4295,1.4282
growth.xlsx,LAB,E4-1 a KCl 25 mM (C12),TRUE,0.4216,0.4223,0.4238,0.4479,0.4685,0.5014,0.5281,0.5586,0.5962,0.6318,0.6673,0.7048,0.74,0.7723,0.8063,0.8404,0.8742,0.9084,0.944,0.9805,1.0158,1.0518,1.086,1.1219,1.1549,1.1879,1.218,1.2473,1.2753,1.3075,1.3296,1.3467,1.3625,1.3608,1.3718,1.3785,1.3834,1.3869,1.39,1.3911,1.3913,1.3906,1.3899,1.3883,1.387,1.3849,1.384,1.3825,1.3816,1.3812,1.3802,1.3801,1.3794,1.379,1.3784,1.3778,1.3776,1.3801,1.383,1.3787
growth.xlsx,LAB,E4-1 b KCl 25 mM (D01),TRUE,0.3758,0.3589,0.3646,0.3865,0.4039,0.4328,0.4609,0.4901,0.519,0.5496,0.5875,0.6225,0.6561,0.6906,0.7252,0.7582,0.7914,0.8245,0.8577,0.89,0.9226,0.9549,0.9845,1.0163,1.0459,1.0747,1.1041,1.1339,1.1623,1.1886,1.2128,1.2325,1.2525,1.2695,1.2826,1.2883,1.3038,1.3108,1.3165,1.3201,1.3229,1.3245,1.3202,1.3269,1.3271,1.3221,1.3213,1.321,1.3207,1.3201,1.3198,1.3195,1.319,1.3181,1.3176,1.3169,1.3165,1.3164,1.3158,1.3184
growth.xlsx,LAB,E4-1 b KCl 25 mM (D02),TRUE,0.3897,0.3601,0.3567,0.3788,0.4159,0.437,0.4726,0.4972,0.5288,0.5644,0.597,0.6309,0.6664,0.6999,0.7367,0.7694,0.8036,0.8374,0.8718,0.9036,0.939,0.9789,1.0137,1.0485,1.0841,1.1171,1.1504,1.1847,1.2187,1.2506,1.2783,1.3024,1.3215,1.3398,1.3497,1.3553,1.363,1.3665,1.3711,1.3729,1.374,1.3746,1.3754,1.3748,1.3748,1.3753,1.3749,1.3745,1.374,1.3735,1.3723,1.3717,1.371,1.3705,1.3698,1.3691,1.3687,1.3686,1.368,1.367
growth.xlsx,LAB,E5-1 a KCl 25 mM (D03),TRUE,0.3685,0.337,0.3276,0.3653,0.3871,0.4154,0.4426,0.4721,0.5038,0.5359,0.5704,0.6039,0.6384,0.6715,0.7055,0.7397,0.7734,0.8056,0.8377,0.8699,0.9052,0.939,0.9724,1.0051,1.04,1.0727,1.1042,1.1355,1.1679,1.1934,1.215,1.2331,1.2517,1.268,1.281,1.292,1.3012,1.3076,1.3098,1.3084,1.3137,1.3139,1.3182,1.3157,1.3126,1.3142,1.3153,1.3157,1.3214,1.3166,1.3175,1.3127,1.313,1.3137,1.3119,1.3115,1.3119,1.3121,1.3126,1.3108
growth.xlsx,LAB,E5-1 a KCl 25 mM (D04),TRUE,0.4075,0.3913,0.3564,0.3908,0.4173,0.4479,0.48,0.5135,0.5471,0.5834,0.6182,0.6566,0.6882,0.6953,0.7292,0.7641,0.7979,0.8369,0.8596,0.8906,0.9204,0.9523,0.981,1.0096,1.0388,1.0661,1.0909,1.1136,1.1372,1.1596,1.1793,1.2057,1.2191,1.242,1.2536,1.2621,1.2705,1.2855,1.2805,1.2864,1.3009,1.3041,1.2967,1.3091,1.3055,1.3091,1.3027,1.3108,1.3127,1.3119,1.3164,1.3135,1.3136,1.3124,1.3134,1.315,1.314,1.3144,1.3119,1.3149
growth.xlsx,LAB,E5-1 b KCl 25 mM (D05),TRUE,0.3703,0.3536,0.3352,0.3571,0.385,0.4165,0.4463,0.4791,0.5022,0.5393,0.5723,0.6059,0.6387,0.6751,0.7117,0.7426,0.7763,0.8078,0.8396,0.8687,0.9,0.9298,0.9608,0.9886,1.0157,1.0425,1.0687,1.0969,1.1222,1.1462,1.1702,1.1902,1.2066,1.2229,1.2363,1.2465,1.2546,1.2612,1.2669,1.271,1.2733,1.2748,1.2759,1.2769,1.2775,1.2775,1.2776,1.2776,1.2674,1.2677,1.2672,1.2677,1.2763,1.276,1.2753,1.2752,1.2748,1.2744,1.2743,1.2736
growth.xlsx,LAB,E5-1 b KCl 25 mM (D06),TRUE,0.3664,0.3448,0.3212,0.3481,0.3834,0.408,0.4326,0.4667,0.4928,0.5291,0.561,0.5966,0.6304,0.6659,0.7011,0.7336,0.7667,0.7988,0.8322,0.8649,0.8979,0.931,0.9633,0.9962,1.0266,1.0564,1.084,1.1146,1.1431,1.1707,1.1933,1.2183,1.2346,1.2491,1.2622,1.2761,1.2808,1.2846,1.2927,1.2915,1.2937,1.2996,1.3003,1.297,1.3006,1.301,1.2959,1.3011,1.3009,1.2992,1.2996,1.2995,1.2985,1.2978,1.2971,1.2942,1.2961,1.2946,1.2946,1.2911
growth.xlsx,LAB,E6-1 a KCl 25 mM (D07),TRUE,0.4039,0.3947,0.3634,0.3941,0.4257,0.4572,0.4896,0.5224,0.5515,0.5868,0.6236,0.6585,0.6919,0.7263,0.7607,0.7952,0.8279,0.8628,0.8968,0.9326,0.9655,0.9998,1.0339,1.0679,1.1027,1.1378,1.1692,1.2001,1.2315,1.2574,1.28,1.2958,1.3088,1.3236,1.3272,1.3343,1.3393,1.3431,1.3475,1.3486,1.3497,1.3503,1.3498,1.3505,1.3498,1.349,1.3492,1.3485,1.347,1.3468,1.3463,1.3454,1.3453,1.345,1.3447,1.3441,1.3438,1.3434,1.3431,1.3429
growth.xlsx,LAB,E6-1 a KCl 25 mM (D08),TRUE,0.4093,0.4092,0.3666,0.3924,0.4306,0.4571,0.4936,0.5264,0.5533,0.5923,0.626,0.66,0.6974,0.7323,0.7659,0.8009,0.8328,0.8672,0.8999,0.933,0.9657,0.9968,1.0271,1.0557,1.0845,1.1118,1.1382,1.1683,1.1972,1.2168,1.2357,1.2553,1.2657,1.2768,1.2802,1.2938,1.2962,1.2996,1.3022,1.3042,1.307,1.3064,1.3075,1.3083,1.3083,1.3077,1.3061,1.3065,1.3085,1.3065,1.306,1.3059,1.3051,1.3042,1.3048,1.3046,1.3042,1.3039,1.3038,1.3038
growth.xlsx,LAB,E6-1 b KCl 25 mM (D09),TRUE,0.3307,0.3181,0.2933,0.3074,0.3318,0.3531,0.3829,0.4146,0.4391,0.4744,0.504,0.5383,0.5741,0.6109,0.6453,0.681,0.7145,0.749,0.7816,0.8123,0.8432,0.8733,0.9053,0.9361,0.967,0.9947,1.0216,1.0509,1.0785,1.1051,1.1314,1.1567,1.1802,1.2025,1.2143,1.2272,1.2413,1.2433,1.2637,1.2683,1.2742,1.2779,1.2682,1.2835,1.2807,1.2855,1.291,1.2756,1.2875,1.2912,1.2874,1.2789,1.2786,1.2791,1.2784,1.2904,1.2787,1.2819,1.2838,1.2818
growth.xlsx,LAB,E6-1 b KCl 25 mM (D10),TRUE,0.3306,0.3366,0.3069,0.3349,0.361,0.3891,0.4182,0.4493,0.4838,0.5189,0.5542,0.5899,0.625,0.667,0.6347,0.6674,0.6982,0.7277,0.7579,0.7868,0.8158,0.8455,0.8767,0.9074,0.9413,0.9703,1.0029,1.0382,1.0646,1.0981,1.1227,1.1406,1.1629,1.1849,1.1907,1.229,1.2231,1.2517,1.2545,1.2708,1.2741,1.2777,1.2828,1.275,1.2845,1.2897,1.287,1.2896,1.2892,1.2839,1.2892,1.2923,1.2886,1.2895,1.2782,1.2891,1.2899,1.2928,1.286,1.2863
growth.xlsx,LAB,10.2N 5 c KOH 25 mM (E01),TRUE,0.2358,0.2302,0.2315,0.2374,0.255,0.2573,0.26,0.2724,0.2856,0.2995,0.3098,0.3117,0.3212,0.3333,0.3155,0.3343,0.3649,0.3638,0.3847,0.4062,0.46,0.4573,0.4819,0.5084,0.5338,0.5631,0.5915,0.6216,0.6516,0.6817,0.7112,0.741,0.7708,0.799,0.8263,0.8543,0.8812,0.9089,0.9361,0.9633,0.9899,1.0144,1.0401,1.0606,1.0846,1.1073,1.1297,1.1589,1.1711,1.1984,1.2068,1.2198,1.2338,1.2363,1.2415,1.2501,1.2481,1.2541,1.2503,1.2552
growth.xlsx,LAB,10.2N 5 d KOH 25 mM (E02),TRUE,0.2558,0.2642,0.2429,0.2603,0.2725,0.2782,0.2853,0.2867,0.2886,0.2929,0.3007,0.3237,0.3382,0.3599,0.3771,0.3897,0.4105,0.4351,0.4339,0.4578,0.4994,0.5245,0.5313,0.5568,0.5843,0.6118,0.6409,0.67,0.7003,0.7288,0.7566,0.7853,0.8133,0.8386,0.8662,0.8929,0.9204,0.9479,0.9755,1.0039,1.0262,1.0487,1.0712,1.0935,1.114,1.1339,1.1536,1.1709,1.1852,1.1961,1.2056,1.211,1.215,1.2184,1.221,1.2221,1.2227,1.2226,1.223,1.2231
growth.xlsx,LAB,10.1N 16 c KOH 25 mM (E03),TRUE,0.2603,0.271,0.2438,0.256,0.2705,0.2697,0.2717,0.275,0.277,0.2838,0.295,0.3055,0.322,0.3379,0.3574,0.3768,0.3977,0.4215,0.4468,0.4732,0.4977,0.5245,0.5507,0.5791,0.6087,0.6388,0.6686,0.6989,0.7286,0.758,0.7864,0.8143,0.8425,0.8708,0.8996,0.9287,0.9569,0.9852,1.0124,1.0387,1.0651,1.0889,1.1131,1.1348,1.1564,1.179,1.1959,1.2086,1.2184,1.2253,1.2297,1.2339,1.2351,1.2362,1.2374,1.2363,1.2374,1.2373,1.2373,1.2294
growth.xlsx,LAB,10.1N 16 d KOH 25 mM (E04),TRUE,0.2619,0.2782,0.2664,0.2584,0.2758,0.2758,0.2753,0.2776,0.2836,0.2926,0.3025,0.3168,0.3322,0.3495,0.3685,0.3894,0.4112,0.4353,0.4599,0.4853,0.5107,0.5364,0.5655,0.5946,0.6244,0.6548,0.6846,0.7149,0.7447,0.7751,0.8023,0.8301,0.8582,0.886,0.9135,0.9409,0.9686,0.9966,1.0268,1.0562,1.0778,1.1004,1.1302,1.1505,1.1717,1.1889,1.2023,1.2123,1.2227,1.2317,1.2352,1.236,1.2387,1.241,1.2405,1.2386,1.237,1.2404,1.2401,1.2408
growth.xlsx,LAB,10.1N 21 c KOH 25 mM (E05),TRUE,0.2533,0.2598,0.2575,0.2796,0.2805,0.2817,0.281,0.2857,0.2906,0.2987,0.3068,0.3192,0.3319,0.3489,0.3673,0.3867,0.4072,0.4288,0.4525,0.477,0.5019,0.5264,0.5517,0.5777,0.6059,0.6341,0.6643,0.6939,0.7221,0.7517,0.7794,0.8066,0.8348,0.8612,0.8868,0.9127,0.9385,0.9641,0.9898,1.015,1.0405,1.0647,1.0876,1.1103,1.1318,1.1522,1.1765,1.1944,1.208,1.2211,1.2287,1.2354,1.2388,1.2413,1.2427,1.2427,1.2435,1.2437,1.2435,1.2437
growth.xlsx,LAB,10.1N 21 d KOH 25 mM (E06),TRUE,0.2472,0.2366,0.2543,0.254,0.2674,0.267,0.2688,0.2718,0.2744,0.285,0.2914,0.3043,0.3191,0.3361,0.3538,0.3726,0.3937,0.4162,0.4399,0.4655,0.49,0.5152,0.5411,0.5693,0.5982,0.6277,0.6577,0.6873,0.7178,0.7472,0.7749,0.8019,0.83,0.855,0.8811,0.9108,0.9317,0.9573,0.9831,1.0076,1.0318,1.0535,1.0751,1.0963,1.1177,1.1367,1.1564,1.1706,1.1833,1.1921,1.1996,1.2035,1.2063,1.2085,1.2096,1.2095,1.2102,1.21,1.2102,1.2101
growth.xlsx,LAB,E1-1 a KOH 25 mM (E07),TRUE,0.2651,0.2609,0.2599,0.257,0.2751,0.2762,0.2742,0.2789,0.2818,0.2903,0.2984,0.3094,0.3229,0.3373,0.3544,0.3717,0.3917,0.4108,0.4321,0.4537,0.4763,0.4981,0.521,0.5425,0.567,0.5914,0.6172,0.6416,0.6669,0.6919,0.7154,0.7398,0.7619,0.7854,0.8071,0.8288,0.8519,0.8733,0.8947,0.9151,0.9369,0.9567,0.9764,0.9974,1.0179,1.0386,1.0585,1.0773,1.0954,1.1125,1.1288,1.142,1.1523,1.1603,1.1657,1.1701,1.1728,1.1745,1.1752,1.1764
growth.xlsx,LAB,E1-1 a KOH 25 mM (E08),TRUE,0.2559,0.273,0.2673,0.2677,0.272,0.2757,0.2781,0.2779,0.2846,0.2908,0.3003,0.3105,0.3252,0.34,0.3562,0.3741,0.393,0.4133,0.4343,0.4555,0.4784,0.5007,0.524,0.5468,0.5703,0.5945,0.6204,0.6467,0.6726,0.6977,0.7217,0.7469,0.7698,0.7922,0.8145,0.8374,0.8603,0.8823,0.9035,0.9246,0.9468,0.9701,0.9944,1.0154,1.0336,1.0573,1.0786,1.0986,1.1181,1.136,1.1522,1.1671,1.1757,1.1841,1.1942,1.1993,1.2023,1.2042,1.2058,1.2062
growth.xlsx,LAB,E1-1 b KOH 25 mM (E09),TRUE,0.2656,0.263,0.273,0.2726,0.2885,0.2914,0.2925,0.2975,0.3033,0.3099,0.3185,0.331,0.3451,0.3609,0.3767,0.3949,0.4141,0.4339,0.4552,0.4767,0.4988,0.5202,0.5421,0.5654,0.5885,0.613,0.6381,0.6634,0.6885,0.7144,0.7391,0.7631,0.7886,0.8133,0.8381,0.8674,0.8931,0.9229,0.9465,0.9715,0.9978,1.0183,1.0343,1.0564,1.0799,1.0944,1.1147,1.1331,1.1507,1.1669,1.1811,1.1923,1.2,1.2063,1.211,1.2137,1.2157,1.216,1.2172,1.2172
growth.xlsx,LAB,E1-1 b KOH 25 mM (E10),TRUE,0.3114,0.3268,0.3251,0.3194,0.3371,0.3368,0.3388,0.3434,0.3501,0.3591,0.3703,0.386,0.4035,0.4225,0.4419,0.4627,0.4853,0.5072,0.5299,0.5532,0.5761,0.5991,0.6235,0.6493,0.6752,0.7018,0.7275,0.7541,0.779,0.8049,0.8281,0.8502,0.8726,0.8958,0.9177,0.9403,0.9616,0.9832,1.0061,1.0267,1.0478,1.0676,1.0864,1.1058,1.1246,1.1453,1.1639,1.1776,1.1912,1.2053,1.2131,1.219,1.2238,1.2274,1.2292,1.2302,1.2314,1.2306,1.2308,1.2307
growth.xlsx,LAB,E1-2 a KOH 25 mM (E11),TRUE,0.2934,0.3132,0.2967,0.2961,0.3081,0.3126,0.3121,0.318,0.3246,0.3351,0.3482,0.3632,0.3807,0.4002,0.4207,0.4431,0.4667,0.4902,0.5157,0.5408,0.5654,0.5904,0.6181,0.6455,0.6729,0.7007,0.7282,0.7562,0.7818,0.8084,0.8324,0.8571,0.8813,0.9055,0.9302,0.955,0.9784,1.0023,1.0254,1.0488,1.0706,1.0926,1.1184,1.1389,1.1583,1.1751,1.1937,1.2074,1.2184,1.2266,1.2318,1.2357,1.2375,1.2397,1.2398,1.2401,1.2405,1.2401,1.2386,1.2386
growth.xlsx,LAB,E1-2 a KOH 25 mM (E12),TRUE,0.2995,0.3105,0.3103,0.3207,0.3307,0.3363,0.3421,0.3428,0.3543,0.3635,0.377,0.3956,0.4143,0.4351,0.4581,0.4816,0.5057,0.5324,0.5584,0.585,0.6126,0.6401,0.6688,0.6977,0.7257,0.7534,0.7812,0.809,0.8347,0.8612,0.8858,0.9113,0.9359,0.9608,0.9847,1.0089,1.0319,1.0601,1.0826,1.1046,1.1267,1.1485,1.1697,1.1899,1.2084,1.2238,1.2369,1.2397,1.2519,1.2559,1.2505,1.2521,1.2609,1.2541,1.2631,1.262,1.2616,1.2608,1.2511,1.2589
growth.xlsx,LAB,E1-2 b KOH 25 mM (F01),TRUE,0.3175,0.3061,0.3285,0.3447,0.3537,0.3627,0.3618,0.3647,0.3695,0.3816,0.3937,0.41,0.4268,0.4492,0.4708,0.4938,0.52,0.55,0.5714,0.5963,0.6232,0.6496,0.6762,0.7046,0.733,0.7594,0.7866,0.8137,0.8391,0.8649,0.8891,0.9151,0.9408,0.9685,0.9937,1.018,1.0426,1.0661,1.0894,1.1079,1.1324,1.1479,1.1746,1.1856,1.208,1.2218,1.2342,1.2332,1.2394,1.2441,1.2531,1.2486,1.2567,1.2503,1.2509,1.2511,1.2583,1.2583,1.2581,1.2525
growth.xlsx,LAB,E1-2 b KOH 25 mM (F02),TRUE,0.3187,0.3109,0.3293,0.3327,0.3419,0.3438,0.3504,0.363,0.3639,0.3716,0.3864,0.4041,0.4222,0.4456,0.4658,0.4883,0.5141,0.5416,0.5644,0.5915,0.6178,0.6452,0.6727,0.7008,0.7296,0.7575,0.7846,0.8116,0.8364,0.8612,0.8867,0.9116,0.9354,0.9589,0.9833,1.0081,1.0313,1.055,1.0786,1.1013,1.1231,1.1437,1.1651,1.1883,1.2018,1.2221,1.2368,1.2337,1.2506,1.2572,1.26,1.2617,1.2497,1.2516,1.2527,1.2526,1.2534,1.2535,1.253,1.2537
growth.xlsx,LAB,E1-3 a KOH 25 mM (F03),TRUE,0.3496,0.3544,0.3752,0.3608,0.3716,0.3731,0.3804,0.3865,0.398,0.4108,0.4311,0.4522,0.4731,0.4976,0.5232,0.5491,0.5765,0.6041,0.6305,0.6587,0.6851,0.7144,0.7414,0.7687,0.7966,0.8222,0.8482,0.8736,0.8994,0.9248,0.9506,0.9745,0.9994,1.0251,1.0495,1.0741,1.0963,1.1204,1.1412,1.1617,1.1782,1.1953,1.2119,1.2253,1.2363,1.2444,1.2505,1.2541,1.2578,1.2596,1.261,1.2614,1.2617,1.2626,1.2624,1.2625,1.2631,1.2632,1.2641,1.2652
growth.xlsx,LAB,E1-3 a KOH 25 mM (F04),TRUE,0.3639,0.3579,0.3515,0.3489,0.3517,0.3502,0.3536,0.3648,0.377,0.3852,0.3956,0.4269,0.4365,0.4591,0.4817,0.5047,0.531,0.5574,0.5846,0.6113,0.6413,0.6685,0.6965,0.7236,0.7517,0.779,0.8051,0.8308,0.8562,0.8819,0.9085,0.9344,0.9592,0.9841,1.0085,1.0343,1.0586,1.0822,1.1048,1.124,1.1435,1.1586,1.1756,1.1929,1.2074,1.2161,1.2233,1.227,1.228,1.231,1.2336,1.2309,1.2338,1.2346,1.2345,1.2326,1.2296,1.2362,1.2287,1.2296
growth.xlsx,LAB,E1-3 b KOH 25 mM (F05),TRUE,0.3394,0.3485,0.3336,0.3423,0.3547,0.3622,0.3673,0.3749,0.3848,0.3999,0.4179,0.4389,0.4607,0.483,0.5079,0.532,0.5574,0.585,0.6105,0.6384,0.6673,0.6956,0.7239,0.7523,0.7802,0.8078,0.8333,0.8582,0.8836,0.9078,0.9342,0.9592,0.985,1.0098,1.035,1.0598,1.0848,1.108,1.1305,1.1523,1.1738,1.1935,1.2133,1.2269,1.2375,1.2441,1.2498,1.2538,1.2555,1.2576,1.2594,1.2595,1.2598,1.2601,1.26,1.2602,1.2606,1.261,1.2618,1.2626
growth.xlsx,LAB,E1-3 b KOH 25 mM (F06),TRUE,0.3449,0.3321,0.3284,0.3432,0.355,0.3643,0.3708,0.375,0.3865,0.4003,0.4205,0.4414,0.4651,0.4884,0.5138,0.5394,0.5643,0.5907,0.6179,0.6458,0.6746,0.7016,0.7304,0.7584,0.7855,0.8127,0.8376,0.8613,0.8865,0.9105,0.9345,0.9591,0.9824,1.0061,1.0289,1.0513,1.0733,1.0942,1.1156,1.135,1.1548,1.1727,1.1893,1.2032,1.2146,1.2234,1.2283,1.2316,1.2346,1.235,1.2364,1.2373,1.2375,1.2386,1.2386,1.2386,1.2388,1.2395,1.2403,1.2407
growth.xlsx,LAB,E2-1 a KOH 25 mM (F07),TRUE,0.3545,0.3433,0.3416,0.3467,0.3575,0.359,0.3667,0.3724,0.3804,0.3957,0.4102,0.4289,0.4522,0.4738,0.4971,0.5208,0.546,0.5708,0.5977,0.6238,0.6517,0.68,0.7076,0.7354,0.7624,0.7892,0.8152,0.8405,0.8659,0.8903,0.9142,0.9378,0.962,0.986,1.0083,1.0321,1.0548,1.0758,1.097,1.117,1.1365,1.1563,1.1738,1.1906,1.2044,1.214,1.2227,1.2286,1.2337,1.2367,1.2385,1.2394,1.2404,1.2405,1.2409,1.2408,1.2414,1.242,1.2422,1.2433
growth.xlsx,LAB,E2-1 a KOH 25 mM (F08),TRUE,0.3168,0.3067,0.3271,0.3276,0.3446,0.3549,0.3581,0.366,0.3777,0.3904,0.4055,0.4249,0.4471,0.4702,0.494,0.5195,0.5445,0.5711,0.5966,0.6228,0.6511,0.6781,0.7072,0.7357,0.7628,0.7904,0.8167,0.8419,0.8668,0.8904,0.9153,0.9394,0.963,0.9858,1.0097,1.0325,1.0547,1.0775,1.0994,1.1193,1.139,1.1586,1.1773,1.1907,1.207,1.22,1.229,1.2357,1.2399,1.2438,1.2462,1.2471,1.2487,1.2484,1.2488,1.2497,1.2499,1.2506,1.2505,1.2514
growth.xlsx,LAB,E2-1 b KOH 25 mM (F09),TRUE,0.3752,0.3665,0.3616,0.367,0.3687,0.3788,0.3887,0.4007,0.4136,0.4331,0.4554,0.4782,0.5037,0.53,0.5591,0.586,0.6164,0.6414,0.6765,0.7041,0.731,0.7616,0.7916,0.8209,0.8503,0.88,0.9095,0.9385,0.9901,0.9982,1.0269,1.055,1.0764,1.1025,1.1273,1.1533,1.1734,1.1952,1.2155,1.2366,1.2545,1.2705,1.2858,1.2979,1.3087,1.3131,1.3182,1.322,1.3306,1.3337,1.333,1.3335,1.3342,1.3338,1.3351,1.3362,1.3365,1.3369,1.336,1.3369
growth.xlsx,LAB,E2-1 b KOH 25 mM (F10),TRUE,0.3737,0.3635,0.3427,0.3586,0.3643,0.3704,0.3749,0.3836,0.3932,0.4089,0.4274,0.4479,0.4712,0.4958,0.5209,0.546,0.5723,0.6013,0.6287,0.6578,0.6879,0.7164,0.7467,0.7751,0.8041,0.8311,0.858,0.8846,0.9104,0.9375,0.9652,0.9934,1.0178,1.0434,1.0684,1.0926,1.1145,1.1367,1.1591,1.1804,1.2036,1.2208,1.2374,1.2515,1.2624,1.2684,1.2732,1.2768,1.2797,1.2825,1.2825,1.2835,1.2821,1.2837,1.2835,1.2823,1.2836,1.2843,1.2844,1.2856
growth.xlsx,LAB,E2-3 a KOH 25 mM (F11),TRUE,0.3731,0.3577,0.337,0.3592,0.3583,0.366,0.3749,0.3839,0.3933,0.4079,0.4275,0.4503,0.4723,0.5081,0.5217,0.5629,0.5742,0.6013,0.6274,0.6556,0.6844,0.7111,0.7412,0.7685,0.7958,0.8226,0.8498,0.8751,0.9018,0.9266,0.9522,0.9815,1.0057,1.0327,1.0568,1.0757,1.102,1.1251,1.1508,1.1736,1.1953,1.2161,1.2333,1.243,1.2539,1.2642,1.2693,1.2732,1.2757,1.2773,1.2786,1.2786,1.2784,1.2784,1.2792,1.2791,1.2796,1.2797,1.2796,1.2796
growth.xlsx,LAB,E2-3 a KOH 25 mM (F12),TRUE,0.3565,0.3943,0.3852,0.3861,0.3912,0.3919,0.3954,0.4043,0.4186,0.4347,0.4542,0.4787,0.503,0.5282,0.564,0.5822,0.6081,0.6362,0.6664,0.694,0.7219,0.7502,0.7781,0.808,0.8362,0.8625,0.8903,0.9154,0.9403,0.9661,0.9951,1.0181,1.042,1.0681,1.0932,1.118,1.1402,1.1618,1.1863,1.209,1.2277,1.2444,1.2593,1.2704,1.2778,1.285,1.288,1.2901,1.2902,1.2903,1.2889,1.2911,1.2908,1.2907,1.2906,1.2905,1.2917,1.2917,1.2927,1.2929
growth.xlsx,LAB,E2-3 b KOH 25 mM (G01),TRUE,0.3445,0.3362,0.3522,0.3672,0.3748,0.3818,0.3842,0.3935,0.41,0.4239,0.4399,0.4573,0.4777,0.4941,0.5237,0.5455,0.5716,0.5968,0.6069,0.6215,0.6487,0.6753,0.702,0.7302,0.7566,0.7834,0.8103,0.8385,0.8612,0.8933,0.9278,0.951,0.9748,1.0099,1.0412,1.0424,1.0605,1.0986,1.1315,1.1516,1.161,1.1697,1.199,1.225,1.223,1.2332,1.257,1.275,1.2843,1.2877,1.2879,1.2888,1.2879,1.2871,1.2871,1.2875,1.2874,1.2873,1.2871,1.2865
growth.xlsx,LAB,E2-3 b KOH 25 mM (G02),TRUE,0.3153,0.3241,0.3142,0.3397,0.3472,0.3478,0.3492,0.3546,0.363,0.3733,0.3883,0.4023,0.422,0.4436,0.4646,0.4882,0.5121,0.537,0.562,0.5863,0.6133,0.6382,0.6654,0.6917,0.7186,0.7454,0.7717,0.7975,0.8205,0.8455,0.869,0.891,0.9143,0.9367,0.9592,0.9818,1.0042,1.0273,1.0496,1.0718,1.094,1.1143,1.1343,1.1543,1.1765,1.1842,1.2072,1.2188,1.2186,1.2344,1.2291,1.242,1.2442,1.2452,1.2458,1.2459,1.2465,1.2387,1.2394,1.2394
growth.xlsx,LAB,E3-1 a KOH 25 mM (G03),TRUE,0.3049,0.3079,0.2911,0.3291,0.331,0.3361,0.3364,0.3391,0.3431,0.3525,0.3701,0.3899,0.4148,0.4143,0.4361,0.467,0.4856,0.5051,0.53,0.5555,0.5823,0.6113,0.6365,0.6638,0.6918,0.7194,0.7471,0.7744,0.8002,0.8252,0.8489,0.8741,0.8993,0.9236,0.9479,0.9729,0.997,1.0221,1.0469,1.0703,1.0948,1.1171,1.1384,1.1646,1.182,1.1988,1.2137,1.2245,1.2326,1.2385,1.2418,1.2454,1.2475,1.2492,1.2499,1.2495,1.2506,1.2504,1.2502,1.2506
growth.xlsx,LAB,E3-1 a KOH 25 mM (G04),TRUE,0.3046,0.3021,0.2904,0.3209,0.3314,0.3349,0.3389,0.339,0.3439,0.3524,0.3654,0.3817,0.4006,0.4206,0.4423,0.4651,0.489,0.5133,0.5383,0.563,0.59,0.6162,0.6436,0.6715,0.6988,0.7263,0.7533,0.7795,0.8063,0.831,0.8543,0.8785,0.9033,0.9304,0.9521,0.9782,1.0024,1.0269,1.0507,1.0718,1.0928,1.1131,1.1326,1.1515,1.17,1.1851,1.198,1.2089,1.2167,1.2223,1.2264,1.2294,1.2312,1.2333,1.2337,1.2339,1.2353,1.2353,1.2363,1.2374
growth.xlsx,LAB,E3-1 b KOH 25 mM (G05),TRUE,0.2991,0.3044,0.2774,0.3148,0.3172,0.3215,0.3247,0.3263,0.3326,0.3412,0.3537,0.3693,0.386,0.4044,0.4263,0.4485,0.4715,0.4961,0.5213,0.5466,0.5723,0.5991,0.6264,0.6562,0.6842,0.7131,0.7415,0.7691,0.7971,0.8243,0.8506,0.8761,0.9027,0.9297,0.9549,0.9818,1.0083,1.0351,1.058,1.0867,1.1136,1.1363,1.1583,1.1784,1.1966,1.1993,1.2223,1.2307,1.2358,1.2391,1.2416,1.2432,1.2432,1.2448,1.2452,1.2454,1.2454,1.2461,1.2465,1.247
growth.xlsx,LAB,E3-1 b KOH 25 mM (G06),TRUE,0.3088,0.3084,0.3275,0.3334,0.3417,0.3417,0.3446,0.3442,0.3507,0.3618,0.3743,0.3889,0.4074,0.4269,0.4476,0.4708,0.4947,0.5198,0.5446,0.5699,0.5966,0.6235,0.6516,0.6792,0.7064,0.7339,0.7621,0.7888,0.8158,0.8411,0.8652,0.8901,0.9149,0.9405,0.9636,0.9891,1.0129,1.0384,1.0612,1.0834,1.1048,1.1242,1.1479,1.169,1.188,1.2017,1.2165,1.2289,1.2384,1.2455,1.2501,1.2527,1.2548,1.2567,1.257,1.2567,1.2577,1.258,1.2587,1.2594
growth.xlsx,LAB,E3-2 a KOH 25 mM (G07),TRUE,0.3234,0.327,0.3318,0.3397,0.3502,0.3558,0.3636,0.3717,0.3808,0.3887,0.4051,0.4463,0.4668,0.4889,0.4912,0.5368,0.5505,0.5711,0.5855,0.6107,0.6576,0.6669,0.6941,0.7221,0.7487,0.7763,0.8127,0.8276,0.8601,0.8772,0.9008,0.9237,0.9484,0.9733,0.9946,1.0188,1.0437,1.0627,1.0874,1.1056,1.126,1.1489,1.1677,1.185,1.2001,1.2133,1.2199,1.2262,1.2313,1.2349,1.2354,1.237,1.2403,1.2392,1.2394,1.24,1.2397,1.2403,1.2407,1.2414
growth.xlsx,LAB,E3-2 a KOH 25 mM (G08),TRUE,0.3215,0.3321,0.316,0.3474,0.348,0.351,0.3587,0.3641,0.3747,0.3869,0.4032,0.4199,0.442,0.4638,0.4866,0.5086,0.5338,0.5578,0.5836,0.6101,0.6388,0.6652,0.6928,0.7216,0.7483,0.7741,0.8008,0.8265,0.8514,0.8745,0.8994,0.9225,0.9467,0.9702,0.9949,1.0179,1.0421,1.0646,1.0858,1.1071,1.1277,1.1479,1.1682,1.1851,1.2014,1.2143,1.2244,1.2314,1.2363,1.2404,1.2419,1.2436,1.2448,1.2453,1.246,1.2465,1.2473,1.2471,1.2475,1.2481
growth.xlsx,LAB,E3-2 b KOH 25 mM (G09),TRUE,0.3826,0.3789,0.354,0.3812,0.3812,0.3862,0.3894,0.3986,0.4119,0.4261,0.4455,0.4693,0.4928,0.5182,0.545,0.5731,0.5998,0.6293,0.6578,0.6875,0.7181,0.7468,0.7764,0.8038,0.8313,0.8584,0.8853,0.913,0.9392,0.9665,0.9939,1.0177,1.0401,1.0712,1.0939,1.1166,1.139,1.1619,1.1841,1.2039,1.2223,1.2402,1.254,1.2646,1.2713,1.2766,1.2796,1.2812,1.2818,1.2817,1.2812,1.281,1.2814,1.2817,1.2818,1.2817,1.2829,1.2814,1.2824,1.2832
growth.xlsx,LAB,E3-2 b KOH 25 mM (G10),TRUE,0.3859,0.4008,0.3992,0.4055,0.4012,0.4093,0.4175,0.4308,0.446,0.4645,0.4863,0.5091,0.5339,0.5599,0.5854,0.6095,0.6362,0.6634,0.6926,0.7203,0.7477,0.7741,0.8017,0.8293,0.8551,0.8813,0.9063,0.9312,0.9559,0.9821,1.0027,1.0263,1.0491,1.0728,1.0959,1.1197,1.1418,1.1625,1.1823,1.2065,1.2234,1.2391,1.254,1.2659,1.2739,1.2797,1.2842,1.2872,1.2892,1.291,1.2915,1.2926,1.2929,1.2933,1.2939,1.2942,1.2947,1.2954,1.2961,1.2968
growth.xlsx,LAB,E4-1 a KOH 25 mM (G11),TRUE,0.4146,0.4217,0.3984,0.4216,0.4215,0.4327,0.4426,0.4592,0.4789,0.5,0.5271,0.5542,0.5821,0.6109,0.639,0.6668,0.6959,0.7266,0.7573,0.7863,0.8158,0.8443,0.8724,0.8992,0.9268,0.9522,0.9799,1.0077,1.0345,1.0619,1.0886,1.1136,1.1376,1.1616,1.1841,1.2063,1.226,1.2431,1.2572,1.2683,1.2799,1.2897,1.2947,1.2988,1.3,1.3016,1.3029,1.3041,1.3052,1.3061,1.3067,1.3076,1.3088,1.3096,1.31,1.3112,1.312,1.3127,1.3135,1.314
growth.xlsx,LAB,E4-1 a KOH 25 mM (G12),TRUE,0.4368,0.4449,0.4533,0.4615,0.4656,0.4697,0.4789,0.4954,0.5142,0.5416,0.5692,0.6008,0.6311,0.662,0.6955,0.7239,0.7441,0.7737,0.807,0.8332,0.8615,0.8901,0.9184,0.9453,0.9707,1.0009,1.0286,1.0524,1.0784,1.104,1.1284,1.1531,1.1806,1.2017,1.2217,1.2347,1.2541,1.2676,1.2777,1.2865,1.2918,1.2948,1.2971,1.2983,1.2976,1.2992,1.2995,1.2999,1.3002,1.3014,1.3021,1.303,1.3036,1.3052,1.3064,1.307,1.3078,1.3086,1.3093,1.3101
growth.xlsx,LAB,E4-1 b KOH 25 mM (H01),TRUE,0.3406,0.3392,0.3563,0.3743,0.3868,0.389,0.3903,0.3945,0.4016,0.4126,0.426,0.4442,0.4662,0.4885,0.5142,0.5384,0.5645,0.5907,0.6179,0.6466,0.6744,0.7038,0.7329,0.7614,0.7886,0.8162,0.8434,0.8699,0.8967,0.9229,0.9496,0.9757,1.0034,1.0284,1.0538,1.0785,1.1015,1.1247,1.1473,1.1689,1.1865,1.2026,1.2179,1.2316,1.2391,1.2466,1.2507,1.2532,1.2557,1.2565,1.2599,1.2577,1.259,1.27,1.2595,1.2594,1.2603,1.2613,1.2622,1.2643
growth.xlsx,LAB,E4-1 b KOH 25 mM (H02),TRUE,0.3891,0.3862,0.4042,0.4138,0.4212,0.4281,0.4341,0.4404,0.4551,0.4697,0.4892,0.5121,0.5371,0.5634,0.5892,0.6152,0.6418,0.6703,0.6997,0.728,0.7574,0.7858,0.8141,0.8426,0.8683,0.8955,0.9211,0.9466,0.9723,0.9977,1.0226,1.047,1.0717,1.0956,1.1183,1.1399,1.1635,1.1847,1.2059,1.2239,1.2389,1.2506,1.2591,1.2634,1.2687,1.2701,1.272,1.2731,1.2738,1.2747,1.275,1.2754,1.2761,1.2768,1.2776,1.2784,1.2792,1.2801,1.2815,1.2828
growth.xlsx,LAB,E5-1 a KOH 25 mM (H03),TRUE,0.3781,0.3995,0.4124,0.4318,0.4392,0.4445,0.4474,0.4548,0.4675,0.4856,0.5057,0.5284,0.5532,0.5806,0.6072,0.6345,0.6636,0.6917,0.722,0.752,0.7823,0.811,0.8399,0.8669,0.8938,0.9207,0.9481,0.9743,0.9996,1.0252,1.052,1.0777,1.1027,1.1261,1.1466,1.1708,1.1899,1.2105,1.2297,1.2453,1.2557,1.2639,1.2737,1.2774,1.2774,1.279,1.2805,1.2817,1.2825,1.2851,1.2834,1.2869,1.2877,1.2889,1.2886,1.2931,1.2898,1.2915,1.2932,1.2959
growth.xlsx,LAB,E5-1 a KOH 25 mM (H04),TRUE,0.3968,0.3946,0.4041,0.4247,0.4289,0.4321,0.4366,0.4448,0.4588,0.4765,0.498,0.5205,0.5472,0.5755,0.6028,0.6293,0.6574,0.687,0.7173,0.7465,0.776,0.8055,0.8352,0.8613,0.8883,0.915,0.941,0.9659,0.9925,1.0182,1.0429,1.0693,1.0938,1.1164,1.1402,1.1637,1.1854,1.2115,1.2221,1.2466,1.2596,1.269,1.2756,1.2665,1.2672,1.2836,1.2692,1.2725,1.27,1.2875,1.2718,1.2753,1.2733,1.2849,1.2971,1.2799,1.3006,1.2782,1.2792,1.2815
growth.xlsx,LAB,E5-1 b KOH 25 mM (H05),TRUE,0.3608,0.3633,0.37,0.3814,0.3968,0.3935,0.4012,0.4431,0.4257,0.4462,0.4682,0.4924,0.5187,0.5455,0.5717,0.5979,0.6259,0.6618,0.6832,0.7138,0.7443,0.7736,0.8066,0.8386,0.9211,0.8868,0.9124,0.9385,0.9657,0.9924,1.0462,1.0546,1.075,1.1053,1.1241,1.1484,1.1726,1.1949,1.2187,1.2394,1.2573,1.2702,1.284,1.2923,1.2977,1.3016,1.3036,1.3045,1.3042,1.3024,1.3034,1.3028,1.3007,1.303,1.3009,1.3031,1.3015,1.3028,1.3039,1.3036
growth.xlsx,LAB,E5-1 b KOH 25 mM (H06),TRUE,0.3927,0.3669,0.3838,0.3874,0.3823,0.3807,0.3906,0.4008,0.415,0.4332,0.456,0.4814,0.5084,0.5359,0.5641,0.5919,0.6195,0.6498,0.6802,0.7104,0.7405,0.7703,0.7997,0.8278,0.8554,0.8835,0.91,0.9364,0.962,0.9879,1.0159,1.0431,1.0706,1.0957,1.1198,1.1435,1.1655,1.1876,1.2066,1.2268,1.2416,1.2526,1.2622,1.2676,1.2711,1.2733,1.2757,1.2762,1.2767,1.277,1.2772,1.2774,1.277,1.2784,1.2775,1.279,1.2797,1.2758,1.2766,1.2805
growth.xlsx,LAB,E6-1 a KOH 25 mM (H07),TRUE,0.4668,0.4525,0.4627,0.4628,0.4679,0.4708,0.4759,0.4903,0.5094,0.5326,0.559,0.5834,0.6131,0.6398,0.6657,0.6945,0.7225,0.7526,0.7813,0.8127,0.8375,0.8628,0.8892,0.9157,0.941,0.9668,0.9932,1.0192,1.0451,1.0713,1.0972,1.1228,1.1482,1.1697,1.19,1.2096,1.2283,1.2454,1.2624,1.2721,1.2781,1.2857,1.2805,1.2839,1.2934,1.2861,1.2883,1.2949,1.2886,1.2965,1.2974,1.2899,1.2913,1.2923,1.2916,1.2921,1.2934,1.3023,1.3072,1.3039
growth.xlsx,LAB,E6-1 a KOH 25 mM (H08),TRUE,0.4336,0.4555,0.4458,0.4531,0.4566,0.461,0.4764,0.4895,0.5096,0.5315,0.5578,0.5861,0.6145,0.644,0.6768,0.7069,0.7333,0.7643,0.7934,0.8228,0.8509,0.8786,0.906,0.9316,0.9573,0.9824,1.0072,1.0312,1.056,1.083,1.1063,1.1253,1.1476,1.1694,1.1903,1.2107,1.2249,1.2561,1.2696,1.2654,1.2875,1.2768,1.2955,1.282,1.2984,1.2994,1.2885,1.3007,1.2866,1.287,1.3022,1.3028,1.3039,1.2878,1.2881,1.3033,1.3052,1.3065,1.2925,1.3077
growth.xlsx,LAB,E6-1 b KOH 25 mM (H09),TRUE,0.3475,0.3404,0.3509,0.3593,0.3698,0.3693,0.3711,0.3754,0.3847,0.3986,0.414,0.4336,0.4561,0.481,0.5057,0.5341,0.5611,0.589,0.6185,0.6474,0.6782,0.7089,0.7389,0.7687,0.7981,0.8281,0.8538,0.8804,0.9061,0.9311,0.9567,0.9819,1.0081,1.0332,1.0613,1.085,1.1109,1.136,1.157,1.1808,1.1977,1.2198,1.233,1.2485,1.2538,1.2629,1.267,1.2641,1.2772,1.2777,1.277,1.2651,1.2771,1.2649,1.2772,1.2648,1.2781,1.2786,1.2668,1.2799
growth.xlsx,LAB,E6-1 b KOH 25 mM (H10),TRUE,0.3353,0.345,0.3454,0.3663,0.3766,0.3838,0.3858,0.3891,0.3994,0.4131,0.4286,0.4469,0.4664,0.4911,0.516,0.5414,0.5668,0.5929,0.6221,0.6495,0.6781,0.707,0.736,0.7641,0.7914,0.8199,0.8465,0.8726,0.8977,0.9237,0.9502,0.9749,1.0001,1.0262,1.0501,1.0745,1.1017,1.1239,1.1472,1.1703,1.1945,1.2168,1.2352,1.2513,1.2637,1.2721,1.2789,1.2833,1.2855,1.2877,1.2892,1.29,1.2909,1.2916,1.2921,1.293,1.2932,1.2942,1.2961,1.297
